# started on Tue Jun  2 21:14:52 2020,,,,,,,,,,
,,,,,,,,,,
3278629642,,branches,4162057926,100,0,,,,,
164489,,branch-misses,4162057926,100,0,0,of all branches,,,
# started on Tue Jun  2 21:15:30 2020,,,,,,,,,,
,,,,,,,,,,
3278503048,,branches,4151224021,100,0,,,,,
150359,,branch-misses,4151224021,100,0,0,of all branches,,,
# started on Tue Jun  2 21:14:56 2020,,,,,,,,,,
,,,,,,,,,,
3278440066,,branches,4140102002,100,0,,,,,
145057,,branch-misses,4140102002,100,0,0,of all branches,,,
# started on Tue Jun  2 21:15:00 2020,,,,,,,,,,
,,,,,,,,,,
3278785487,,branches,4169786350,100,0,,,,,
180178,,branch-misses,4169786350,100,0,0,of all branches,,,
# started on Tue Jun  2 21:15:05 2020,,,,,,,,,,
,,,,,,,,,,
3278684995,,branches,4169198520,100,0,,,,,
169266,,branch-misses,4169198520,100,0,0,of all branches,,,
# started on Tue Jun  2 21:15:09 2020,,,,,,,,,,
,,,,,,,,,,
3278590310,,branches,4149263792,100,0,,,,,
157832,,branch-misses,4149263792,100,0,0,of all branches,,3278629642,164489
# started on Tue Jun  2 21:15:13 2020,,,,,,,,,3278503048,150359
,,,,,,,,,3278440066,145057
3278622307,,branches,4164750168,100,0,,,,3278785487,180178
163403,,branch-misses,4164750168,100,0,0,of all branches,,3278684995,169266
# started on Tue Jun  2 21:15:17 2020,,,,,,,,,3278590310,157832
,,,,,,,,,3278622307,163403
3278859890,,branches,4165206329,100,0,,,,3278859890,180983
180983,,branch-misses,4165206329,100,0,0,of all branches,,3278451398,146956
# started on Tue Jun  2 21:15:21 2020,,,,,,,,,3278434326,146644
,,,,,,,,,,
3278451398,,branches,4147966603,100,0,,,,,
146956,,branch-misses,4147966603,100,0,0,of all branches,,,
# started on Tue Jun  2 21:15:25 2020,,,,,,,,,,
,,,,,,,,,,
3278434326,,branches,4145711455,100,0,,,,,
146644,,branch-misses,4145711455,100,0,0,of all branches,,,
