# started on Tue Jun  2 21:13:45 2020,,,,,,,,,,,
,,,,,,,,,,,
820191165,,branches,755779226,100,0,,,,,,
117655,,branch-misses,755779226,100,0,0,of all branches,,,820191165,117655
# started on Tue Jun  2 21:13:53 2020,,,,,,,,,,820459041,139131
,,,,,,,,,,820303811,132034
820459041,,branches,788041025,100,0,,,,,820236095,125328
139131,,branch-misses,788041025,100,0,0,of all branches,,,820210025,123216
# started on Tue Jun  2 21:13:46 2020,,,,,,,,,,820214057,119709
,,,,,,,,,,820222581,123563
820303811,,branches,779429596,100,0,,,,,820257489,124383
132034,,branch-misses,779429596,100,0,0,of all branches,,,820528636,140234
# started on Tue Jun  2 21:13:47 2020,,,,,,,,,,820461593,136399
,,,,,,,,,,,
820236095,,branches,799645119,100,0,,,,,,
125328,,branch-misses,799645119,100,0,0,of all branches,,,,
# started on Tue Jun  2 21:13:48 2020,,,,,,,,,,,
,,,,,,,,,,,
820210025,,branches,793180519,100,0,,,,,,
123216,,branch-misses,793180519,100,0,0,of all branches,,,,
# started on Tue Jun  2 21:13:49 2020,,,,,,,,,,,
,,,,,,,,,,,
820214057,,branches,780581616,100,0,,,,,,
119709,,branch-misses,780581616,100,0,0,of all branches,,,,
# started on Tue Jun  2 21:13:49 2020,,,,,,,,,,,
,,,,,,,,,,,
820222581,,branches,777149145,100,0,,,,,,
123563,,branch-misses,777149145,100,0,0,of all branches,,,,
# started on Tue Jun  2 21:13:50 2020,,,,,,,,,,,
,,,,,,,,,,,
820257489,,branches,771323110,100,0,,,,,,
124383,,branch-misses,771323110,100,0,0,of all branches,,,,
# started on Tue Jun  2 21:13:51 2020,,,,,,,,,,,
,,,,,,,,,,,
820528636,,branches,782294922,100,0,,,,,,
140234,,branch-misses,782294922,100,0,0,of all branches,,,,
# started on Tue Jun  2 21:13:52 2020,,,,,,,,,,,
,,,,,,,,,,,
820461593,,branches,780259503,100,0,,,,,,
136399,,branch-misses,780259503,100,0,0,of all branches,,,,
