# started on Tue Jun  2 21:32:44 2020,,,,,,,,,,
,,,,,,,,,,
6559868045,,branches,10429400789,100,0,,,,,
563528,,branch-misses,10429400789,100,0,0,of all branches,,,
# started on Tue Jun  2 21:34:18 2020,,,,,,,,,,
,,,,,,,,,6559868045,563528
6559508405,,branches,10413870298,100,0,,,,6559508405,531532
531532,,branch-misses,10413870298,100,0,0,of all branches,,6559454390,535422
# started on Tue Jun  2 21:32:54 2020,,,,,,,,,6559789119,568543
,,,,,,,,,6559429153,535615
6559454390,,branches,10426296678,100,0,,,,6559193661,513526
535422,,branch-misses,10426296678,100,0,0,of all branches,,6559774921,543954
# started on Tue Jun  2 21:33:05 2020,,,,,,,,,6559673868,578345
,,,,,,,,,6559653378,546377
6559789119,,branches,10429887389,100,0,,,,6559643288,553645
568543,,branch-misses,10429887389,100,0,0,of all branches,,,
# started on Tue Jun  2 21:33:15 2020,,,,,,,,,,
,,,,,,,,,,
6559429153,,branches,10412144700,100,0,,,,,
535615,,branch-misses,10412144700,100,0,0,of all branches,,,
# started on Tue Jun  2 21:33:26 2020,,,,,,,,,,
,,,,,,,,,,
6559193661,,branches,10405554495,100,0,,,,,
513526,,branch-misses,10405554495,100,0,0,of all branches,,,
# started on Tue Jun  2 21:33:36 2020,,,,,,,,,,
,,,,,,,,,,
6559774921,,branches,10430239358,100,0,,,,,
543954,,branch-misses,10430239358,100,0,0,of all branches,,,
# started on Tue Jun  2 21:33:47 2020,,,,,,,,,,
,,,,,,,,,,
6559673868,,branches,10436854074,100,0,,,,,
578345,,branch-misses,10436854074,100,0,0,of all branches,,,
# started on Tue Jun  2 21:33:57 2020,,,,,,,,,,
,,,,,,,,,,
6559653378,,branches,10426399868,100,0,,,,,
546377,,branch-misses,10426399868,100,0,0,of all branches,,,
# started on Tue Jun  2 21:34:08 2020,,,,,,,,,,
,,,,,,,,,,
6559643288,,branches,10415247010,100,0,,,,,
553645,,branch-misses,10415247010,100,0,0,of all branches,,,
