# started on Tue Jun  2 21:28:04 2020,,,,,,,,,,,
,,,,,,,,,,,
3281147112,,branches,4422860915,100,0,,,,,3281147112,379161
379161,,branch-misses,4422860915,100,0,0,of all branches,,,3281026861,340766
# started on Tue Jun  2 21:28:44 2020,,,,,,,,,,3280975813,371404
,,,,,,,,,,3281382811,433007
3281026861,,branches,4154360838,100,0,,,,,3281431403,430863
340766,,branch-misses,4154360838,100,0,0,of all branches,,,3281268016,403177
# started on Tue Jun  2 21:28:09 2020,,,,,,,,,,3280878030,372690
,,,,,,,,,,3281391709,401003
3280975813,,branches,4415159303,100,0,,,,,3280962529,346861
371404,,branch-misses,4415159303,100,0,0,of all branches,,,3280996228,343950
# started on Tue Jun  2 21:28:13 2020,,,,,,,,,,,
,,,,,,,,,,,
3281382811,,branches,4421688801,100,0,,,,,,
433007,,branch-misses,4421688801,100,0,0,of all branches,,,,
# started on Tue Jun  2 21:28:18 2020,,,,,,,,,,,
,,,,,,,,,,,
3281431403,,branches,4429294319,100,0,,,,,,
430863,,branch-misses,4429294319,100,0,0,of all branches,,,,
# started on Tue Jun  2 21:28:22 2020,,,,,,,,,,,
,,,,,,,,,,,
3281268016,,branches,4437722129,100,0,,,,,,
403177,,branch-misses,4437722129,100,0,0,of all branches,,,,
# started on Tue Jun  2 21:28:27 2020,,,,,,,,,,,
,,,,,,,,,,,
3280878030,,branches,4361880717,100,0,,,,,,
372690,,branch-misses,4361880717,100,0,0,of all branches,,,,
# started on Tue Jun  2 21:28:31 2020,,,,,,,,,,,
,,,,,,,,,,,
3281391709,,branches,4484749633,100,0,,,,,,
401003,,branch-misses,4484749633,100,0,0,of all branches,,,,
# started on Tue Jun  2 21:28:36 2020,,,,,,,,,,,
,,,,,,,,,,,
3280962529,,branches,4186560881,100,0,,,,,,
346861,,branch-misses,4186560881,100,0,0,of all branches,,,,
# started on Tue Jun  2 21:28:40 2020,,,,,,,,,,,
,,,,,,,,,,,
3280996228,,branches,4188191084,100,0,,,,,,
343950,,branch-misses,4188191084,100,0,0,of all branches,,,,
