# started on Tue Jun  2 21:18:37 2020,,,,,,,,,,
,,,,,,,,,,
6562535708,,branches,19847649488,100,0,,,,,
1585105419,,branch-misses,19847649488,100,0,24,of all branches,,,
# started on Tue Jun  2 21:21:30 2020,,,,,,,,,,
,,,,,,,,,,
6561560305,,branches,19338042402,100,0,,,,,
1583706664,,branch-misses,19338042402,100,0,24,of all branches,,,
# started on Tue Jun  2 21:18:57 2020,,,,,,,,,,
,,,,,,,,,6562535708,1585105419
6558720594,,branches,18922945124,100,0,,,,6561560305,1583706664
1582619313,,branch-misses,18922945124,100,0,24,of all branches,,6558720594,1582619313
# started on Tue Jun  2 21:19:16 2020,,,,,,,,,6563176184,1582574051
,,,,,,,,,6558638572,1585001811
6563176184,,branches,18856088290,100,0,,,,6564959285,1582021171
1582574051,,branch-misses,18856088290,100,0,24,of all branches,,6561930216,1582129596
# started on Tue Jun  2 21:19:35 2020,,,,,,,,,6558860697,1582969246
,,,,,,,,,6558906074,1584344841
6558638572,,branches,19714605965,100,0,,,,6560006740,1580658720
1585001811,,branch-misses,19714605965,100,0,24,of all branches,,,
# started on Tue Jun  2 21:19:55 2020,,,,,,,,,,
,,,,,,,,,,
6564959285,,branches,18757989467,100,0,,,,,
1582021171,,branch-misses,18757989467,100,0,24,of all branches,,,
# started on Tue Jun  2 21:20:14 2020,,,,,,,,,,
,,,,,,,,,,
6561930216,,branches,18830452170,100,0,,,,,
1582129596,,branch-misses,18830452170,100,0,24,of all branches,,,
# started on Tue Jun  2 21:20:33 2020,,,,,,,,,,
,,,,,,,,,,
6558860697,,branches,18996165776,100,0,,,,,
1582969246,,branch-misses,18996165776,100,0,24,of all branches,,,
# started on Tue Jun  2 21:20:52 2020,,,,,,,,,,
,,,,,,,,,,
6558906074,,branches,19528838412,100,0,,,,,
1584344841,,branch-misses,19528838412,100,0,24,of all branches,,,
# started on Tue Jun  2 21:21:12 2020,,,,,,,,,,
,,,,,,,,,,
6560006740,,branches,18643841379,100,0,,,,,
1580658720,,branch-misses,18643841379,100,0,24,of all branches,,,
