# started on Tue Jun  2 21:26:55 2020,,,,,,,,,,,,
,,,,,,,,,,,,
822573767,,branches,864342663,100,0,,,,,,,
304936,,branch-misses,864342663,100,0,0,of all branches,,,,,
# started on Tue Jun  2 21:27:02 2020,,,,,,,,,,,,
,,,,,,,,,,,,
822545426,,branches,784553647,100,0,,,,,,822573767,304936
308483,,branch-misses,784553647,100,0,0,of all branches,,,,822545426,308483
# started on Tue Jun  2 21:26:55 2020,,,,,,,,,,,824858148,392368
,,,,,,,,,,,824048000,380718
824858148,,branches,870023793,100,0,,,,,,822557113,311419
392368,,branch-misses,870023793,100,0,0,of all branches,,,,822622590,301824
# started on Tue Jun  2 21:26:56 2020,,,,,,,,,,,822658729,313235
,,,,,,,,,,,822631627,314406
824048000,,branches,899648857,100,0,,,,,,822556411,298111
380718,,branch-misses,899648857,100,0,0,of all branches,,,,822581767,315313
# started on Tue Jun  2 21:26:57 2020,,,,,,,,,,,,
,,,,,,,,,,,,
822557113,,branches,821395992,100,0,,,,,,,
311419,,branch-misses,821395992,100,0,0,of all branches,,,,,
# started on Tue Jun  2 21:26:58 2020,,,,,,,,,,,,
,,,,,,,,,,,,
822622590,,branches,795967204,100,0,,,,,,,
301824,,branch-misses,795967204,100,0,0,of all branches,,,,,
# started on Tue Jun  2 21:26:59 2020,,,,,,,,,,,,
,,,,,,,,,,,,
822658729,,branches,802243682,100,0,,,,,,,
313235,,branch-misses,802243682,100,0,0,of all branches,,,,,
# started on Tue Jun  2 21:27:00 2020,,,,,,,,,,,,
,,,,,,,,,,,,
822631627,,branches,790948434,100,0,,,,,,,
314406,,branch-misses,790948434,100,0,0,of all branches,,,,,
# started on Tue Jun  2 21:27:01 2020,,,,,,,,,,,,
,,,,,,,,,,,,
822556411,,branches,776576294,100,0,,,,,,,
298111,,branch-misses,776576294,100,0,0,of all branches,,,,,
# started on Tue Jun  2 21:27:01 2020,,,,,,,,,,,,
,,,,,,,,,,,,
822581767,,branches,776368100,100,0,,,,,,,
315313,,branch-misses,776368100,100,0,0,of all branches,,,,,
