# started on Tue Jun  2 20:59:53 2020,,,,,,,,,,,
,,,,,,,,,,,
6561865431,,branches,28675186235,100,0,,,,,,
1559427953,,branch-misses,28675186235,100,0,23,of all branches,,,,
# started on Tue Jun  2 21:04:09 2020,,,,,,,,,,,
,,,,,,,,,,,
6561832328,,branches,28314001678,100,0,,,,,,
1556361942,,branch-misses,28314001678,100,0,23,of all branches,,,,
# started on Tue Jun  2 21:00:22 2020,,,,,,,,,,,
,,,,,,,,,,,
6564872467,,branches,28882399994,100,0,,,,,6561865431,1559427953
1559923428,,branch-misses,28882399994,100,0,23,of all branches,,,6561832328,1556361942
# started on Tue Jun  2 21:00:51 2020,,,,,,,,,,6564872467,1559923428
,,,,,,,,,,6575387122,1556757355
6575387122,,branches,28364288888,100,0,,,,,6561650312,1555608257
1556757355,,branch-misses,28364288888,100,0,23,of all branches,,,6561519436,1555734683
# started on Tue Jun  2 21:01:20 2020,,,,,,,,,,6561369265,1555470472
,,,,,,,,,,6561590882,1555848243
6561650312,,branches,28233620714,100,0,,,,,6561391921,1555801826
1555608257,,branch-misses,28233620714,100,0,23,of all branches,,,6561223497,1554998683
# started on Tue Jun  2 21:01:48 2020,,,,,,,,,,,
,,,,,,,,,,,
6561519436,,branches,28232348072,100,0,,,,,,
1555734683,,branch-misses,28232348072,100,0,23,of all branches,,,,
# started on Tue Jun  2 21:02:16 2020,,,,,,,,,,,
,,,,,,,,,,,
6561369265,,branches,28217664179,100,0,,,,,,
1555470472,,branch-misses,28217664179,100,0,23,of all branches,,,,
# started on Tue Jun  2 21:02:44 2020,,,,,,,,,,,
,,,,,,,,,,,
6561590882,,branches,28276920107,100,0,,,,,,
1555848243,,branch-misses,28276920107,100,0,23,of all branches,,,,
# started on Tue Jun  2 21:03:13 2020,,,,,,,,,,,
,,,,,,,,,,,
6561391921,,branches,28252855421,100,0,,,,,,
1555801826,,branch-misses,28252855421,100,0,23,of all branches,,,,
# started on Tue Jun  2 21:03:41 2020,,,,,,,,,,,
,,,,,,,,,,,
6561223497,,branches,28195500189,100,0,,,,,,
1554998683,,branch-misses,28195500189,100,0,23,of all branches,,,,
