# started on Tue Jun  2 21:14:01 2020,,,,,,,,,,
,,,,,,,,,,
820267800,,branches,775294579,100,0,,,,,
126379,,branch-misses,775294579,100,0,0,of all branches,,,
# started on Tue Jun  2 21:14:09 2020,,,,,,,,,820267800,126379
,,,,,,,,,820206032,119739
820206032,,branches,759028591,100,0,,,,820215316,123044
119739,,branch-misses,759028591,100,0,0,of all branches,,820978928,150974
# started on Tue Jun  2 21:14:02 2020,,,,,,,,,820277746,129601
,,,,,,,,,820500749,160502
820215316,,branches,775048108,100,0,,,,820657757,147118
123044,,branch-misses,775048108,100,0,0,of all branches,,820189280,116807
# started on Tue Jun  2 21:14:03 2020,,,,,,,,,820245703,120824
,,,,,,,,,820191155,117681
820978928,,branches,862462296,100,0,,,,,
150974,,branch-misses,862462296,100,0,0,of all branches,,,
# started on Tue Jun  2 21:14:04 2020,,,,,,,,,,
,,,,,,,,,,
820277746,,branches,788384350,100,0,,,,,
129601,,branch-misses,788384350,100,0,0,of all branches,,,
# started on Tue Jun  2 21:14:05 2020,,,,,,,,,,
,,,,,,,,,,
820500749,,branches,871938179,100,0,,,,,
160502,,branch-misses,871938179,100,0,0,of all branches,,,
# started on Tue Jun  2 21:14:06 2020,,,,,,,,,,
,,,,,,,,,,
820657757,,branches,773078724,100,0,,,,,
147118,,branch-misses,773078724,100,0,0,of all branches,,,
# started on Tue Jun  2 21:14:06 2020,,,,,,,,,,
,,,,,,,,,,
820189280,,branches,755747517,100,0,,,,,
116807,,branch-misses,755747517,100,0,0,of all branches,,,
# started on Tue Jun  2 21:14:07 2020,,,,,,,,,,
,,,,,,,,,,
820245703,,branches,768825589,100,0,,,,,
120824,,branch-misses,768825589,100,0,0,of all branches,,,
# started on Tue Jun  2 21:14:08 2020,,,,,,,,,,
,,,,,,,,,,
820191155,,branches,761710678,100,0,,,,,
117681,,branch-misses,761710678,100,0,0,of all branches,,,
